country,density,abbreviation,agricultural_land,birth_rate,calling_code,capital/major_city,co2-emissions,cpi_change,currency-code,fertility_rate,forested_area,gdp,gross_primary_education_enrollment,gross_tertiary_education_enrollment,infant_mortality,largest_city,life_expectancy,maternal_mortality_ratio,official_language,out_of_pocket_health_expenditure,physicians_per_thousand,population_labor_force_participation,tax_revenue,total_tax_rate,unemployment_rate,latitude,longitude,continent,cpi,minimum_wage_ITERATIVE,land_area,armed_forces_size,gasoline_price,population
Afghanistan,60.0,AF,58.1,32.49,93.0,Kabul,8.672,2.3,AFN,4.47,2.1,19101353833.0,104.0,9.7,47.9,Kabul,64.5,638.0,Pashto,78.4,0.28,48.9,9.3,71.4,11.12,33.93911,67.709953,Asia,149.9,0.43,652.23,323.0,0.7,109.15279999999998
Albania,105.0,AL,43.1,11.78,355.0,Tirana,4.536,1.4,ALL,1.62,28.1,15278077447.0,107.0,55.0,7.8,Tirana,78.5,15.0,Albanian,56.9,1.2,55.7,18.6,36.6,12.33,41.153332,20.168331,Europe,119.05,1.12,28.748,9.0,1.36,401.556
Algeria,18.0,DZ,17.4,24.28,213.0,Algiers,150.006,2.0,DZD,3.02,0.8,169988236398.0,109.9,51.4,20.1,Algiers,76.7,112.0,Arabic,28.1,1.72,41.2,37.2,66.1,11.7,28.033886,1.659626,Africa,151.36,0.95,235.87560000000002,317.0,0.28,176.5478
Andorra,164.0,AD,40.0,7.2,376.0,Andorra la Vella,469.0,6.722346368715083,EUR,1.27,34.0,3154057987.0,106.4,37.96338797814208,2.7,Andorra la Vella,72.27967914438503,160.39226519337018,Catalan,36.4,3.33,62.73806818181818,,40.822404371584696,6.886363636363637,42.506285,1.521801,Europe,158.8965376857327,6.63,468.0,275.6,1.51,77.142
Angola,26.0,AO,47.5,40.73,244.0,Luanda,34.693,17.1,AOA,5.52,46.3,94635415870.0,113.5,9.3,51.6,Luanda,60.8,241.0,Portuguese,33.4,0.21,77.5,9.2,49.1,6.89,-11.202692,17.873887,Africa,261.73,0.71,186.3076,117.0,0.97,158.8576
Antigua and Barbuda,223.0,AG,20.5,15.33,1.0,"St. John's, Saint John",557.0,1.2,XCD,1.99,22.3,1727759259.0,105.0,24.8,5.0,"St. John's, Saint John",76.9,42.0,English,24.3,2.76,62.73806818181818,16.5,43.0,6.886363636363637,17.060816,-61.796428,Central America,113.81,3.04,443.0,0.0,0.99,97.118
Argentina,17.0,AR,54.3,17.02,54.0,Buenos Aires,201.348,53.5,ARS,2.26,9.8,449663446954.0,109.7,90.0,8.8,Buenos Aires,76.5,39.0,Spanish,17.6,3.96,61.3,10.1,106.3,9.79,-38.416097,-63.616672,South America,232.75,3.35,186.3076,105.0,1.1,188.01219999999998
Armenia,104.0,AM,58.9,13.99,374.0,Yerevan,5.156,1.4,AMD,1.76,11.7,13672802158.0,92.7,54.6,11.0,Yerevan,74.9,26.0,Armenian,81.6,4.4,55.6,20.9,22.6,16.99,40.069099,45.038189,Asia,129.18,0.66,29.743,49.0,0.77,238.78820000000002
Australia,3.0,AU,48.2,12.6,61.0,Canberra,375.908,1.6,AUD,1.74,16.3,1392680589329.0,100.3,113.1,3.1,Sydney,82.7,6.0,Unknown,19.6,3.68,65.5,23.0,47.4,5.27,-25.274398,133.775136,Oceania,119.8,13.59,222.62759999999997,58.0,0.93,87.4248
Austria,109.0,AT,32.4,9.7,43.0,Vienna,61.448,1.5,EUR,1.47,46.9,446314739528.0,103.1,85.1,2.9,Vienna,81.6,5.0,German,17.9,5.17,60.7,25.4,51.4,4.67,47.516231,14.550072,Europe,118.06,3.0105971914752625,83.871,21.0,1.2,497.24619999999993
Azerbaijan,123.0,AZ,57.7,14.0,994.0,Baku,37.62,2.6,AZN,1.73,14.1,39207000000.0,99.7,27.7,19.2,Baku,72.9,26.0,Azerbaijani language,78.6,3.45,66.5,13.0,40.7,5.51,40.143105,47.576927,Asia,156.32,0.47,86.6,82.0,0.56,418.4046
The Bahamas,39.0,BS,1.4,13.97,1.0,"Nassau, Bahamas",1.786,2.5,Unknown,1.75,51.4,12827000000.0,81.4,15.1,8.3,"Nassau, Bahamas",73.8,70.0,English,27.8,1.94,74.6,14.8,33.8,10.36,25.03428,-77.39628,Central America,116.22,5.25,13.88,1.0,0.92,389.482
Bahrain,2.239,BH,11.1,13.99,973.0,Manama,31.694,2.1,BHD,1.99,0.8,38574069149.0,99.4,50.5,6.1,Riffa,77.2,14.0,Arabic,25.1,0.93,73.4,4.2,13.8,0.71,26.0667,50.5577,Asia,117.59,0.46146022720726565,765.0,19.0,0.43,117.2456
Bangladesh,1.265,BD,70.6,18.18,880.0,Dhaka,84.246,5.6,BDT,2.04,11.0,302571254131.0,116.5,20.6,25.1,Dhaka,72.3,173.0,Bengali,71.8,0.58,59.0,8.8,33.4,4.19,23.684994,90.356331,Asia,179.68,0.51,148.46,221.0,1.12,223.86760000000004
Barbados,668.0,BB,23.3,10.65,1.0,Bridgetown,1.276,4.1,BBD,1.62,14.7,5209000000.0,99.4,65.4,11.3,Bridgetown,79.1,27.0,English,45.2,2.48,65.2,27.5,35.6,10.33,13.193887,-59.543198,Central America,134.09,3.13,430.0,1.0,1.81,287.025
Belarus,47.0,BY,42.0,9.9,375.0,Minsk,58.28,5.6,BYN,1.45,42.6,63080457023.0,100.5,87.4,2.6,Minsk,74.2,2.0,Russian,34.5,5.19,64.1,14.7,53.3,4.59,53.709807,27.953389,Europe,143.40360356937123,1.49,207.6,155.0,0.6,302.75419999999997
Belgium,383.0,BE,44.6,10.3,32.0,City of Brussels,96.889,1.4,EUR,1.62,22.6,529606710418.0,103.9,79.7,2.9,Brussels,81.6,5.0,French,17.6,3.07,53.6,24.0,55.4,5.59,50.503887,4.469936,Europe,117.11,10.31,30.528,32.0,1.43,392.99899999999997
Belize,17.0,BZ,7.0,20.79,501.0,Belmopan,568.0,-0.9,BZD,2.31,59.7,1879613600.0,111.7,24.7,11.2,Belize City,74.5,36.0,English,22.7,1.12,65.1,26.3,31.1,6.41,17.189877,-88.49765,Central America,105.68,1.65,22.966,2.0,1.13,390.353
Benin,108.0,BJ,33.3,36.22,229.0,Porto-Novo,6.476,-0.9,XOF,4.84,37.8,14390709095.0,122.0,12.3,60.5,Cotonou,61.5,397.0,French,40.5,0.08,70.9,10.8,48.9,2.23,9.30769,2.315834,Africa,110.71,0.39,112.622,12.0,0.72,176.4672
Bhutan,20.0,BT,13.6,17.26,975.0,Thimphu,1.261,2.7,Unknown,1.98,72.5,2446674101.0,100.1,15.6,24.8,Thimphu,71.5,183.0,Dzongkha,19.8,0.42,66.7,16.0,35.3,2.34,27.514162,90.433601,Asia,167.18,0.32,38.394,6.0,0.98,727.145
Bolivia,11.0,BO,34.8,21.75,591.0,Sucre,21.606,1.8,BOB,2.73,50.3,40895322865.0,98.2,37.96338797814208,21.8,Santa Cruz de la Sierra,71.2,155.0,Spanish,25.9,1.59,71.8,17.0,83.7,3.5,-16.290154,-63.588653,South America,148.32,1.36,203.9596,71.0,0.71,176.5478
Bosnia and Herzegovina,64.0,BA,43.1,8.11,387.0,Sarajevo,21.848,0.6,BAM,1.27,42.7,20047848435.0,102.47021276595747,23.3,5.0,Tuzla Canton,77.3,10.0,Bosnian,28.6,2.16,46.4,20.4,23.7,18.42,43.915886,17.679076,Europe,104.9,1.04,51.197,11.0,1.05,481.87839999999994
Botswana,4.0,BW,45.6,24.82,267.0,Gaborone,6.34,2.8,BWP,2.87,18.9,18340510789.0,103.2,24.9,30.0,Gaborone,69.3,144.0,English,5.3,0.37,70.8,19.5,25.1,18.19,-22.328474,24.684866,Africa,149.75,0.29,581.73,9.0,0.71,148.34
Brazil,25.0,BR,33.9,13.92,55.0,Bras���,462.299,3.7,BRL,1.73,58.9,1839758040766.0,115.4,51.3,12.8,S����,75.7,60.0,Portuguese,28.3,2.15,63.9,14.2,65.1,12.08,-14.235004,-51.92528,South America,167.4,1.53,186.3076,730.0,1.02,176.5478
Brunei,83.0,BN,2.7,14.9,673.0,Bandar Seri Begawan,7.664,-0.4,BND,1.85,72.1,13469422941.0,103.2,31.4,9.8,Unknown,75.7,31.0,Malay,6.0,1.61,64.7,,8.0,9.12,4.535277,114.727669,Asia,99.03,2.002940308447786,5.765,8.0,0.37,433.285
Bulgaria,64.0,BG,46.3,8.9,359.0,Sofia,41.708,3.1,BGN,1.56,35.4,86000000000.0,89.3,71.0,5.9,Sofia,74.9,10.0,Bulgarian,47.7,4.03,55.4,20.2,28.3,4.34,42.733883,25.48583,Europe,114.42,1.57,110.879,31.0,1.11,176.4672
Burkina Faso,76.0,BF,44.2,37.93,226.0,Ouagadougou,3.418,-3.2,XOF,5.19,19.3,15745810235.0,96.1,6.5,49.0,Ouagadougou,61.2,320.0,French,36.1,0.08,66.4,15.0,41.3,6.26,12.238333,-1.561593,Africa,106.58,0.34,274.2,11.0,0.98,396.2396
Burundi,463.0,BI,79.2,39.01,257.0,Bujumbura,495.0,-0.7,BIF,5.41,10.9,3012334882.0,121.4,6.1,41.0,Bujumbura,61.2,548.0,Kirundi,19.1,0.1,79.2,13.6,41.2,1.43,-3.373056,29.918886,Africa,182.11,2.3413069028216826,27.83,31.0,1.21,324.76779999999997
Ivory Coast,83.0,CI,64.8,35.74,225.0,Yamoussoukro,9.674,-0.9,XOF,4.65,32.7,58792205642.0,99.8,9.3,59.4,Abidjan,57.4,617.0,French,36.0,0.23,57.0,11.8,50.1,3.32,7.539989,-5.54708,Africa,111.61,0.36,322.463,27.0,0.93,259.7774
Cape Verde,138.0,CV,19.6,19.49,238.0,Praia,543.0,1.1,CVE,2.27,22.5,1981845741.0,104.0,23.6,16.7,Praia,72.8,58.0,Portuguese,23.2,0.77,60.5,20.1,37.5,12.25,16.5388,-23.0418,Africa,110.5,0.68,4.033,1.0,1.02,483.628
Cambodia,95.0,KH,30.9,22.46,855.0,Phnom Penh,9.919,2.5,Unknown,2.5,52.9,27089389787.0,107.4,13.7,24.0,Phnom Penh,69.6,160.0,Khmer language,59.4,0.17,82.3,17.1,23.1,0.68,12.565679,104.990963,Asia,127.63,2.4833010279153154,181.035,191.0,0.9,193.2518
Cameroon,56.0,CM,20.6,35.39,237.0,Yaound�,8.291,2.5,XAF,4.57,39.3,38760467033.0,103.4,12.8,50.6,Douala,58.9,529.0,French,69.7,0.09,76.1,12.8,57.7,3.38,7.369722,12.354722,Africa,118.65,0.35,475.44,24.0,1.03,115.4286
Canada,4.0,CA,6.9,10.1,1.0,Ottawa,544.894,1.9,CAD,1.5,38.2,1736425629520.0,100.9,68.9,4.3,Toronto,81.9,10.0,French,14.6,2.61,65.1,12.8,24.5,5.56,56.130366,-106.346771,North America,116.76,9.51,299.5076,72.0,0.81,110.8432
Central African Republic,8.0,CF,8.2,35.35,236.0,Bangui,297.0,37.1,Unknown,4.72,35.6,2220307369.0,102.0,3.0,84.5,Bangui,52.8,829.0,French,39.6,0.06,72.0,8.6,73.3,3.68,6.611111,20.939444,Africa,186.86,0.37,622.984,8.0,1.41,112.63119999999999
Chad,13.0,TD,39.7,42.17,235.0,N'Djamena,1.016,-1.0,XAF,5.75,3.8,11314951343.0,86.8,3.3,71.4,N'Djamena,54.0,1140.0,French,56.4,0.04,70.7,,63.5,1.89,15.454166,18.732207,Africa,117.7,0.6,95.31160000000001,35.0,0.78,123.48620000000001
Chile,26.0,CL,21.2,12.43,56.0,Santiago,85.822,2.6,CLP,1.65,24.3,282318159745.0,101.4,88.5,6.2,Santiago,80.0,13.0,Spanish,32.2,2.59,62.6,18.2,34.0,7.09,-35.675147,-71.542969,South America,131.91,2.0,756.096,122.0,1.03,117.2456
China,153.0,CN,56.2,10.9,86.0,Beijing,,2.9,CNY,1.69,22.4,19910000000000.0,100.2,50.6,7.4,Shanghai,77.0,29.0,Standard Chinese,32.4,1.98,68.0,9.4,59.2,4.32,35.86166,104.195397,Asia,125.08,0.87,407.139,53.2,0.96,305.8616
Colombia,46.0,CO,40.3,14.88,57.0,Bogot�,97.814,3.5,COP,1.81,52.7,323802808108.0,114.5,55.3,12.2,Bogot�,77.1,83.0,Spanish,18.3,2.18,68.8,14.4,71.2,9.71,4.570868,-74.297333,South America,140.95,1.23,191.6868,481.0,0.68,176.5478
Comoros,467.0,KM,71.5,31.88,269.0,"Moroni, Comoros",202.0,-4.3,KMF,4.21,19.7,1185728677.0,99.5,9.0,51.3,"Moroni, Comoros",64.1,273.0,French,74.8,0.27,43.3,,219.6,4.34,-11.6455,43.3333,Africa,103.62,0.71,2.235,41.8,0.8260000000000002,850.886
Republic of the Congo,16.0,Unknown,31.1,32.86,242.0,Brazzaville,3.282,2.2,XAF,4.43,65.4,10820591131.0,106.6,12.7,36.2,Brazzaville,64.3,378.0,French,43.8,0.12,69.4,9.0,54.3,9.47,-0.228021,15.827659,Africa,124.74,0.88,342.0,12.0,0.97,306.6178
Costa Rica,100.0,CR,34.5,13.97,506.0,San Jos������,8.023,2.1,CRC,1.75,54.6,61773944174.0,113.3,55.2,7.6,San Jos������,80.1,27.0,Spanish,21.5,2.89,62.1,13.6,58.3,11.85,9.748917,-83.753428,Central America,128.85,1.84,51.1,10.0,0.98,591.5098
Croatia,73.0,HR,27.6,9.0,385.0,Zagreb,17.488,0.8,HRK,1.47,34.4,60415553039.0,96.5,67.9,4.0,Zagreb,78.1,8.0,Croatian,15.2,3.0,51.2,22.0,20.5,6.93,45.1,15.2,Europe,109.82,2.92,56.594,18.0,1.26,481.87839999999994
Cuba,106.0,CU,59.9,10.17,53.0,Havana,28.284,6.722346368715083,CUP,1.62,31.3,100023000000.0,101.9,41.4,3.7,Havana,78.7,36.0,Spanish,32.637234042553196,8.42,53.6,,40.822404371584696,1.64,21.521757,-77.781167,Central America,134.57771959053122,0.05,110.86,76.0,1.4,243.82559999999998
Cyprus,131.0,CY,12.2,10.46,357.0,Nicosia,6.626,0.3,EUR,1.33,18.7,24564647935.0,99.3,75.9,1.9,Statos�������,80.8,6.0,Greek,43.9,1.95,63.1,24.5,22.4,7.27,35.126413,33.429859,Europe,102.51,3.9782065769683097,9.251,16.0,1.23,670.9988
Czech Republic,139.0,CZ,45.2,10.7,420.0,Prague,102.218,2.8,CZK,1.69,34.6,246489245495.0,100.7,64.1,2.7,Prague,79.0,3.0,Czech,14.8,4.12,60.6,14.9,46.1,1.93,49.817492,15.472962,Europe,116.48,3.0,78.867,23.0,1.17,529.8077999999999
Democratic Republic of the Congo,40.0,CD,11.6,41.18,243.0,Kinshasa,2.021,2.9,CDF,5.92,67.2,47319624204.0,108.0,6.6,68.2,Kinshasa,60.4,473.0,French,37.4,0.07,63.5,10.7,50.7,4.24,-4.038333,21.758664,Africa,133.85,0.18,145.4468,134.0,1.49,176.5478
Denmark,137.0,DK,62.0,10.6,45.0,Copenhagen,31.786,0.8,DKK,1.73,14.7,348078018464.0,101.3,80.6,3.6,Copenhagen,81.0,4.0,Danish,13.7,4.01,62.2,32.4,23.8,4.91,56.26392,9.501785,Europe,110.35,4.102115593723143,43.094,15.0,1.55,481.87839999999994
Djibouti,43.0,DJ,73.4,21.47,253.0,Djibouti City,620.0,3.3,DJF,2.73,0.2,3318716359.0,75.3,5.3,49.8,Djibouti City,66.6,248.0,French,20.4,0.22,60.2,,37.9,10.3,11.825138,42.590275,Africa,120.25,2.956987684428151,23.2,13.0,1.32,973.56
Dominica,96.0,DM,33.3,12.0,1.0,Roseau,180.0,1.0,XCD,1.9,57.4,596033333.0,114.7,7.2,32.9,Roseau,76.6,160.39226519337018,English,28.4,1.08,62.73806818181818,22.1,32.6,6.886363636363637,15.414999,-61.370976,Central America,103.87,1.48,751.0,87.8,0.8880000000000001,71.808
Dominican Republic,225.0,DO,48.7,19.51,1.0,Santo Domingo,25.258,1.8,DOP,2.35,41.7,88941298258.0,105.7,59.9,24.1,Santo Domingo,73.9,95.0,Spanish,43.7,1.56,64.3,13.0,48.8,5.84,18.735693,-70.162651,Central America,135.5,0.4,48.67,71.0,1.07,243.54340000000002
Ecuador,71.0,EC,22.2,19.72,593.0,Quito,41.155,0.3,USD,2.43,50.2,107435665000.0,103.3,44.9,12.2,Quito,76.8,59.0,Spanish,43.7,2.04,68.0,,34.4,3.97,-1.831239,-78.183406,South America,124.14,2.46,283.561,41.0,0.61,396.2396
Egypt,103.0,EG,3.8,26.38,20.0,Cairo,238.56,9.2,EGP,3.33,0.1,303175127598.0,106.3,35.2,18.1,Cairo,71.8,37.0,Modern Standard Arabic,62.0,0.45,46.4,12.5,44.4,10.76,26.820553,30.802498,Africa,288.57,0.7337963683427895,186.3076,836.0,0.4,83.0844
El Salvador,313.0,SV,76.4,18.25,503.0,San Salvador,7.169,0.1,Unknown,2.04,12.6,27022640000.0,94.8,29.4,11.8,San Salvador,73.1,46.0,Spanish,27.9,1.57,59.1,18.1,36.4,4.11,13.794185,-88.89653,Central America,111.23,0.5,21.041,42.0,0.83,275.00079999999997
Equatorial Guinea,50.0,GQ,10.1,33.24,240.0,Malabo,5.655,1.2,XAF,4.51,55.5,11026774945.0,61.8,1.9,62.6,Malabo,58.4,301.0,Spanish,72.0,0.4,62.0,6.1,79.4,6.43,1.650801,10.267895,Africa,124.35,1.05,28.051,1.0,0.892,670.9988000000001
Eritrea,35.0,ER,75.2,30.3,291.0,Asmara,711.0,6.722346368715083,ERN,4.06,14.9,2065001626.0,68.4,3.4,31.3,Asmara,65.9,480.0,Tigrinya,52.4,0.06,78.4,,83.7,5.14,15.179384,39.782334,Africa,140.08805279876282,5.533020360355393,117.6,202.0,2.0,126.6116
Estonia,31.0,EE,23.1,10.9,372.0,Tallinn,16.59,2.3,EUR,1.59,51.3,31386949981.0,97.2,69.6,2.1,Tallinn,78.2,9.0,Estonian,22.8,4.48,63.6,20.9,47.8,5.11,58.595272,25.013607,Europe,122.14,3.14,45.228,6.0,1.14,670.9988000000001
Eswatini,67.0,Unknown,39.117553191489364,20.214973544973546,268.0,Mbabane,,6.722346368715083,Unknown,2.6981382978723403,32.01542553191489,3791304348.0,102.47021276595747,37.96338797814208,21.332804232804236,Mbabane,72.27967914438503,160.39226519337018,English,11.3,1.8398404255319147,62.73806818181818,28.6,40.822404371584696,6.886363636363637,-26.522503,31.465866,Africa,128.21293774876335,2.687617097857233,17.364,43.2,1.032,442.3076
Ethiopia,115.0,ET,36.3,32.34,251.0,Addis Ababa,14.87,15.8,ETB,4.25,12.5,96107662398.0,101.0,8.1,39.1,Addis Ababa,66.2,401.0,Amharic,37.8,0.08,79.6,7.5,37.7,2.08,9.145,40.489673,Africa,143.86,1.6601816814685293,186.3076,138.0,0.75,176.5478
Fiji,49.0,FJ,23.3,21.28,679.0,Suva,2.046,1.8,FJD,2.77,55.9,5535548972.0,106.4,16.1,21.6,Suva,67.3,34.0,Fiji Hindi,21.4,0.84,57.6,24.2,32.1,4.1,-17.713371,178.065032,Oceania,132.3,1.28,18.274,4.0,0.82,889.953
Finland,18.0,FI,7.5,8.6,358.0,Helsinki,45.871,1.0,EUR,1.41,73.1,268761201365.0,100.2,88.2,1.4,Helsinki,81.7,3.0,Swedish,19.9,3.81,59.1,20.8,36.6,6.59,61.92411,25.748151,Europe,112.33,3.6684077719950143,338.145,25.0,1.45,306.6178
France,119.0,FR,52.4,11.3,33.0,Paris,303.276,1.1,EUR,1.88,31.2,2715518274227.0,102.5,65.6,3.4,Paris,82.5,8.0,French,6.8,3.27,55.1,24.2,60.7,8.43,46.227638,2.213749,Europe,110.05,11.16,643.801,307.0,1.39,109.15279999999998
Gabon,9.0,GA,20.0,31.61,241.0,Libreville,5.321,2.1,XAF,3.97,90.0,16657960228.0,139.9,8.3,32.7,Libreville,66.2,252.0,French,25.9,0.68,52.9,10.2,47.1,20.0,-0.803689,11.609444,Africa,122.19,1.46,267.667,7.0,0.92,396.2396
The Gambia,239.0,GM,59.8,38.54,220.0,Banjul,532.0,7.1,GMD,5.22,48.4,1763819048.0,98.0,2.7,39.0,Serekunda,61.7,597.0,English,20.3,0.1,59.4,9.4,48.4,9.06,13.443182,-15.310139,Africa,172.73,0.13,11.3,1.0,1.18,324.76779999999997
Georgia,57.0,GE,34.5,13.47,995.0,Tbilisi,10.128,4.9,GEL,2.06,40.6,17743195770.0,98.6,63.9,8.7,Tbilisi,73.6,25.0,Georgian,57.3,7.12,68.3,21.7,9.9,14.4,42.315407,43.356892,Europe,133.61,0.05,69.7,26.0,0.76,536.4188
Germany,240.0,DE,47.7,9.5,49.0,Berlin,727.973,1.4,EUR,1.56,32.7,3845630030824.0,104.0,70.2,3.1,Berlin,80.9,7.0,German,12.5,4.25,60.8,11.5,48.8,3.04,51.165691,10.451526,Europe,112.85,9.99,357.022,180.0,1.39,72.1312
Ghana,137.0,GH,69.0,29.41,233.0,Accra,16.67,7.2,GHS,3.87,41.2,66983634224.0,104.8,15.7,34.9,Accra,63.8,308.0,English,36.1,0.14,67.8,12.6,55.4,4.33,7.946527,-1.023194,Africa,268.36,0.27,238.533,16.0,0.92,392.7202
Greece,81.0,GR,47.6,8.1,30.0,Athens,62.434,0.2,EUR,1.35,31.7,209852761469.0,99.6,136.6,3.6,Macedonia,81.3,3.0,Greek,35.5,5.48,51.8,26.2,51.9,17.24,39.074208,21.824312,Europe,101.87,4.46,131.957,146.0,1.54,220.075
Grenada,331.0,GD,23.5,16.47,1.0,"St. George's, Grenada",268.0,0.8,XCD,2.06,50.0,1228170370.0,106.9,104.6,13.7,"St. George's, Grenada",72.4,25.0,English,57.0,1.41,62.73806818181818,19.4,47.8,6.886363636363637,12.1165,-61.679,Central America,107.43,3.0160325787526285,349.0,80.8,1.12,112.003
Guatemala,167.0,GT,36.0,24.56,502.0,Guatemala City,16.777,3.7,GTQ,2.87,32.7,76710385880.0,101.9,21.8,22.1,Guatemala City,74.1,95.0,Spanish,55.8,0.35,62.3,10.6,35.2,2.46,15.783471,-90.230759,Central America,142.92,1.6,108.889,43.0,0.79,243.82559999999995
Guinea,53.0,GN,59.0,36.36,224.0,Conakry,2.996,9.5,GNF,4.7,25.8,13590281809.0,91.5,11.6,64.9,Kankan,61.2,576.0,French,54.5,0.08,61.5,10.8,69.3,4.3,9.945587,-9.696645,Africa,262.95,0.33845688177652944,245.857,13.0,0.9,392.7202
Guinea-Bissau,70.0,GW,58.0,35.13,245.0,Bissau,293.0,1.4,XOF,4.48,69.8,1340389411.0,118.7,2.6,54.0,Bissau,58.0,667.0,Portuguese,37.2,0.13,72.0,10.3,45.5,2.47,11.803749,-15.180413,Africa,111.65,0.16,36.125,4.0,1.124,670.9988000000001
Guyana,4.0,GY,8.6,19.97,592.0,"Georgetown, Guyana",2.384,2.1,GYD,2.46,83.9,4280443645.0,97.8,11.6,25.1,"Georgetown, Guyana",69.8,169.0,English,40.5,0.8,56.2,,30.6,11.85,4.860416,-58.93018,South America,116.19,0.98,214.969,3.0,0.9,782.766
Haiti,414.0,HT,66.8,24.35,509.0,Port-au-Prince,2.978,12.5,HTG,2.94,3.5,8498981821.0,113.6,1.1,49.5,Port-au-Prince,63.7,480.0,French,36.3,0.23,67.2,,42.7,13.78,18.971187,-72.285215,Central America,179.29,0.25,27.75,0.0,0.81,335.5584
Vatican City,2.003,Unknown,39.117553191489364,20.214973544973546,379.0,Vatican City,,6.722346368715083,EUR,2.6981382978723403,32.01542553191489,477295901399.5389,102.47021276595747,37.96338797814208,21.332804232804236,Unknown,72.27967914438503,160.39226519337018,Italian,32.637234042553196,1.8398404255319147,62.73806818181818,,40.822404371584696,6.886363636363637,41.902916,12.453389,Europe,123.5603833279412,2.418997655060795,0.0,21.4,0.9480000000000001,836.0
Honduras,89.0,HN,28.9,21.6,504.0,Tegucigalpa,9.813,4.4,HNL,2.46,40.0,25095395475.0,91.5,26.2,15.1,Tegucigalpa,75.1,65.0,Spanish,49.1,0.31,68.8,17.3,39.1,5.39,15.199999,-86.241905,Central America,150.34,1.01,112.09,23.0,0.98,415.04419999999993
Hungary,107.0,HU,58.4,9.6,36.0,Budapest,45.537,3.3,HUF,1.54,22.9,160967157504.0,100.8,48.5,3.6,Budapest,75.8,12.0,Hungarian,29.0,3.41,56.5,23.0,37.9,3.4,47.162494,19.503304,Europe,121.64,2.62,93.028,40.0,1.18,480.52479999999997
Iceland,3.0,IS,18.7,12.0,354.0,Reykjav��,2.065,3.0,ISK,1.71,0.5,24188035739.0,100.4,71.8,1.5,Reykjav��,82.7,4.0,Icelandic,17.0,4.08,75.0,23.3,31.9,2.84,64.963051,-19.020835,Europe,129.0,5.892595111558769,103.0,0.0,1.69,361.313
India,464.0,IN,60.4,17.86,91.0,New Delhi,,7.7,INR,2.22,23.8,2611000000000.0,113.0,28.1,29.9,Kurebhar,69.4,145.0,Hindi,65.1,0.86,49.3,11.2,49.7,5.36,20.593684,78.96288,Asia,180.44,0.3,379.36439999999993,63.4,0.97,223.2306
Indonesia,151.0,ID,31.5,18.07,62.0,Jakarta,563.325,3.0,IDR,2.31,49.9,1119190780753.0,106.4,36.3,21.1,Kalimantan,71.5,177.0,Indonesian,48.3,0.43,67.5,10.2,30.1,4.69,-0.789275,113.921327,Asia,151.18,0.48,186.3076,676.0,0.63,176.5478
Iran,52.0,IR,28.2,18.78,98.0,Tehran,661.71,39.9,IRR,2.14,6.6,445345282123.0,110.7,68.1,12.4,Tehran,76.5,16.0,Persian,39.7,1.58,44.7,7.4,44.7,11.38,32.427908,53.688046,Asia,550.93,1.58,186.3076,563.0,0.4,83.0844
Iraq,93.0,IQ,21.4,29.08,964.0,Baghdad,190.061,0.4,IQD,3.67,1.9,234094042939.0,108.7,16.2,22.5,Baghdad,70.5,79.0,Arabic,76.5,0.71,43.0,2.0,30.8,12.82,33.223191,43.679291,Asia,119.86,1.24,438.317,209.0,0.61,118.9716
Republic of Ireland,72.0,Unknown,64.5,12.5,353.0,Dublin,37.711,0.9,EUR,1.75,11.0,388698711348.0,100.9,77.8,3.1,Connacht,82.3,5.0,Irish,15.2,3.31,62.1,18.3,26.1,4.93,53.41291,-8.24389,Europe,106.58,10.79,70.273,9.0,1.37,429.71360000000004
Israel,400.0,IL,24.6,20.8,972.0,Jerusalem,65.166,0.8,ILS,3.09,7.7,395098666122.0,104.9,63.4,3.0,Jerusalem,82.8,3.0,Hebrew,24.4,4.62,64.0,23.1,25.3,3.86,31.046051,34.851612,Asia,108.15,7.58,20.77,178.0,1.57,112.61639999999997
Italy,206.0,IT,43.2,7.3,39.0,Rome,320.411,0.6,EUR,1.29,31.8,2001244392042.0,101.9,61.9,2.6,Rome,82.9,2.0,Italian,22.8,3.98,49.6,24.3,59.1,9.89,41.87194,12.56738,Europe,110.62,5.092770436894088,301.34,347.0,1.61,72.4182
Jamaica,273.0,JM,41.0,16.1,1876.0,"Kingston, Jamaica",8.225,3.9,JMD,1.98,30.9,16458071068.0,91.0,27.1,12.4,"Kingston, Jamaica",74.4,80.0,Jamaican English,23.7,1.31,66.0,26.8,35.1,8.0,18.109581,-77.297508,Central America,162.47,1.33,10.991,4.0,1.11,500.4291999999999
Japan,347.0,JP,12.3,7.4,81.0,Tokyo,,0.5,Unknown,1.42,68.5,5081769542380.0,98.8,63.2,1.8,Tokyo,84.2,5.0,Unknown,13.1,2.41,61.7,11.9,46.7,2.29,36.204824,138.252924,Asia,105.48,6.77,377.944,261.0,1.06,72.13119999999999
Jordan,115.0,JO,12.0,21.98,962.0,Amman,25.108,0.8,JOD,2.76,1.1,43743661972.0,81.5,34.4,13.9,Amman,74.4,46.0,Arabic,25.1,2.32,39.3,15.1,28.6,14.72,30.585164,36.238414,Asia,125.6,1.49,89.342,116.0,1.1,248.81799999999998
Kazakhstan,7.0,KZ,80.4,21.77,7.0,Astana,247.207,5.2,KZT,2.84,1.2,180161741180.0,104.4,61.7,8.8,Almaty,73.2,10.0,Russian,38.8,3.25,68.8,11.7,28.4,4.59,48.019573,66.923684,Asia,182.75,0.41,203.9596,71.0,0.42,188.01219999999998
Kenya,94.0,KE,48.5,28.75,254.0,Nairobi,17.91,4.7,KES,3.49,7.8,95503088538.0,103.2,11.5,30.6,Nairobi,66.3,342.0,Swahili,33.4,0.16,74.7,15.1,37.2,2.64,-0.023559,37.906193,Africa,180.51,0.25,580.367,29.0,0.95,148.34
Kiribati,147.0,KI,42.0,27.89,686.0,South Tarawa,66.0,0.6,AUD,3.57,15.0,194647202.0,101.3,37.96338797814208,41.2,South Tarawa,68.1,92.0,English,0.2,0.2,62.73806818181818,22.0,32.7,6.886363636363637,1.8368976,-157.3768317,Oceania,99.55,2.145875442616025,811.0,77.4,0.86,117.606
Kuwait,240.0,KW,8.4,13.94,965.0,Kuwait City,98.734,1.1,KWD,2.08,0.4,134761198946.0,92.4,54.4,6.7,Kuwait City,75.4,12.0,Modern Standard Arabic,14.4,2.58,73.5,1.4,13.0,2.18,29.31166,47.481766,Asia,126.6,0.95,17.818,25.0,0.35,515.0971999999999
Kyrgyzstan,34.0,KG,55.0,27.1,996.0,Bishkek,9.787,1.1,KGS,3.3,3.3,8454619608.0,107.6,41.3,16.9,Bishkek,71.4,60.0,Russian,48.2,1.88,59.8,18.0,29.0,6.33,41.20438,74.766098,Asia,155.68,0.09,199.951,21.0,0.56,258.7424
Laos,32.0,LA,10.3,23.55,856.0,Vientiane,17.763,3.3,LAK,2.67,82.1,18173839128.0,102.4,15.0,37.6,Vientiane,67.6,185.0,Lao,45.4,0.37,78.5,12.9,24.1,0.63,19.85627,102.495496,Asia,135.87,0.83,236.8,129.0,0.93,208.8804
Latvia,30.0,LV,31.1,10.0,371.0,Riga,7.004,2.8,EUR,1.6,54.0,34117202555.0,99.4,88.1,3.3,Riga,74.7,19.0,Latvian,41.6,3.19,61.4,22.9,38.1,6.52,56.879635,24.603189,Europe,116.86,2.8,64.589,6.0,1.16,529.8077999999999
Lebanon,667.0,LB,64.3,17.55,961.0,Beirut,24.796,3.0,LBP,2.09,13.4,53367042272.0,95.1,26.3,6.4,"Tripoli, Lebanon",78.9,29.0,Arabic,32.1,2.1,47.0,15.3,32.2,6.23,33.854721,35.862285,Asia,130.02,2.15,10.4,80.0,0.74,277.48720000000003
Lesotho,71.0,LS,77.6,26.81,266.0,Maseru,2.512,5.2,Unknown,3.14,1.6,2460072444.0,120.9,10.2,65.7,Maseru,53.7,544.0,English,16.9,0.07,67.9,31.6,13.6,23.41,-29.609988,28.233608,Africa,155.86,0.41,30.355,2.0,0.7,670.9988000000001
Liberia,53.0,LR,28.0,33.04,231.0,Monrovia,1.386,23.6,Unknown,4.32,43.1,3070518100.0,85.1,11.9,53.5,Monrovia,63.7,661.0,English,19.6,0.04,76.3,12.9,46.2,2.81,6.428055,-9.429499,Africa,223.13,0.17,111.369,2.0,0.8,353.328
Libya,4.0,LY,8.7,18.83,218.0,Unknown,50.564,2.6,LYD,2.24,0.1,52076250948.0,109.0,60.5,10.2,Unknown,72.7,72.0,Arabic,36.7,2.09,49.7,,32.6,18.56,26.3351,17.228331,Africa,125.71,1.88,118.5178,0.0,0.11,126.57800000000002
Liechtenstein,238.0,LI,32.2,9.9,423.0,Vaduz,51.0,6.722346368715083,CHF,1.44,43.1,6552858739.0,104.7,35.6,21.332804232804236,Schaan,83.0,160.39226519337018,German,32.637234042553196,1.8398404255319147,62.73806818181818,,21.6,6.886363636363637,47.1410392,9.520935,Europe,140.74102209215323,4.7993461370124715,160.0,201.6,1.74,38.019
Lithuania,43.0,LT,47.2,10.0,370.0,Vilnius,12.963,2.3,EUR,1.63,34.8,54219315600.0,103.9,72.4,3.3,Vilnius,75.7,8.0,Lithuanian,32.1,6.35,61.6,16.9,42.6,6.35,55.169438,23.881275,Europe,118.38,2.41,65.3,34.0,1.16,537.9465999999999
Luxembourg,242.0,LU,53.7,10.3,352.0,Luxembourg City,8.988,1.7,EUR,1.37,35.7,71104919108.0,102.3,19.2,1.9,Luxembourg City,82.1,5.0,Luxembourgish,10.6,3.01,59.3,26.5,20.4,5.36,49.815273,6.129583,Europe,115.09,13.05,2.586,2.0,1.19,645.397
Madagascar,48.0,MG,71.2,32.66,261.0,Antananarivo,3.905,5.6,MGA,4.08,21.4,14083906357.0,142.5,5.4,38.2,Antananarivo,66.7,335.0,French,21.7,0.18,86.1,10.2,38.3,1.76,-18.766947,46.869107,Africa,184.33,0.21,587.041,22.0,1.11,148.34
Malawi,203.0,MW,61.4,34.12,265.0,Lilongwe,1.298,9.4,MWK,4.21,33.2,7666704427.0,142.5,0.8,35.3,Lilongwe,63.8,349.0,English,11.0,0.04,76.7,17.3,34.5,5.65,-13.254308,34.301525,Africa,418.34,0.12,118.484,15.0,1.15,145.7584
Malaysia,99.0,MY,26.3,16.75,60.0,Kuala Lumpur,248.289,0.7,MYR,2.0,67.6,364701517788.0,105.3,45.1,6.7,Johor Bahru,76.0,29.0,Malaysian language,36.7,1.51,64.3,12.0,38.7,3.32,4.210484,101.975766,Asia,121.46,0.93,329.847,136.0,0.45,259.7774
Maldives,1.802,MV,26.3,14.2,960.0,Mal�,1.445,0.2,Unknown,1.87,3.3,5729248472.0,97.1,31.2,7.4,Mal�,78.6,53.0,Divehi,16.4,4.56,69.8,19.5,30.2,6.14,3.202778,73.22068,Asia,99.7,3.0387811460917233,298.0,5.0,1.63,530.953
Mali,17.0,ML,33.8,41.54,223.0,Bamako,3.179,-1.7,XOF,5.88,3.8,17510141171.0,75.6,4.5,62.0,Bamako,58.9,562.0,French,46.3,0.13,70.8,11.6,54.5,7.22,17.570692,-3.996166,Africa,108.73,0.23,243.052,18.0,1.12,98.41159999999999
Malta,1.38,MT,32.4,9.2,356.0,Valletta,1.342,1.6,EUR,1.23,1.1,14786156563.0,105.0,54.3,6.1,Birkirkara,82.3,6.0,Maltese,37.1,2.86,56.5,26.2,44.0,3.47,35.937496,14.375416,Europe,113.45,5.07,316.0,2.0,1.36,502.653
Marshall Islands,329.0,MH,63.9,29.03,692.0,Majuro,143.0,6.722346368715083,USD,4.05,70.2,221278000.0,84.7,23.7,27.4,Majuro,65.2,160.39226519337018,Marshallese,10.0,0.42,62.73806818181818,17.8,65.9,6.886363636363637,7.131474,171.184478,Oceania,143.4565613250068,2.0,181.0,246.0,1.44,58.791
Mauritania,5.0,MR,38.5,33.69,222.0,Nouakchott,2.739,2.3,MRU,4.56,0.2,7593752450.0,99.9,5.0,51.5,Nouakchott,64.7,766.0,Arabic,48.2,0.19,45.9,,67.0,9.55,21.00789,-10.940835,Africa,135.02,0.53,225.61820000000003,21.0,1.13,176.5478
Mauritius,626.0,MU,42.4,10.2,230.0,Port Louis,4.349,0.4,MUR,1.41,19.0,14180444557.0,101.1,40.6,13.6,Port Louis,74.4,61.0,French,50.7,2.53,58.3,19.1,22.2,6.67,-20.348404,57.552152,Africa,129.91,0.38,2.04,3.0,1.12,600.7142
Mexico,66.0,MX,54.6,17.6,52.0,Mexico City,486.406,3.6,MXN,2.13,33.9,1258286717125.0,105.8,40.2,11.0,Mexico City,75.0,33.0,Unknown,41.4,2.38,60.7,13.1,55.1,3.42,23.634501,-102.552784,Central America,141.54,0.49,368.31759999999997,336.0,0.73,176.5478
Federated States of Micronesia,784.0,FM,31.4,22.82,691.0,Palikir,143.0,0.5,USD,3.05,91.9,401932279.0,97.2,14.1,25.6,Palikir,67.8,88.0,English,2.5,0.18,62.73806818181818,25.2,60.5,6.886363636363637,7.425554,150.550812,Oceania,112.1,1.967938718633702,702.0,77.4,0.86,113.815
Moldova,123.0,MD,74.2,10.1,373.0,Chi����,5.115,4.8,MDL,1.26,12.6,11955435457.0,90.6,39.8,13.6,Chi����,71.8,19.0,Romanian,46.2,3.21,43.1,17.7,38.7,5.47,47.411631,28.369885,Europe,166.2,0.31,33.851,7.0,0.8,461.73019999999997
Monaco,26.337,MC,39.117553191489364,5.9,377.0,Monaco City,,6.722346368715083,EUR,2.6981382978723403,32.01542553191489,7184844193.0,102.47021276595747,37.96338797814208,2.6,Monaco City,72.27967914438503,160.39226519337018,French,6.1,6.56,62.73806818181818,,40.822404371584696,6.886363636363637,43.7384176,7.4246158,Europe,132.73001212809868,11.72,2.0,236.8,2.0,38.964
Mongolia,2.0,MN,71.5,24.13,976.0,Ulaanbaatar,25.368,7.3,MNT,2.9,8.0,13852850259.0,104.0,65.6,14.0,Ulaanbaatar,69.7,45.0,Mongolian,39.3,2.86,59.7,16.8,25.7,6.01,46.862496,103.846656,Asia,195.76,0.65,255.08200000000002,18.0,0.72,85.5944
Montenegro,47.0,ME,19.0,11.73,382.0,Podgorica,2.017,2.6,EUR,1.75,61.5,5494736901.0,100.0,56.1,2.3,Podgorica,76.8,6.0,Montenegrin language,31.8,2.76,54.4,,22.2,14.88,42.708678,19.37439,Europe,116.32,1.23,13.812,12.0,1.16,622.137
Morocco,83.0,MA,68.5,18.94,212.0,Rabat,61.276,0.2,MAD,2.42,12.6,118725279596.0,113.9,35.9,19.2,Casablanca,76.5,70.0,Arabic,53.1,0.73,45.3,21.9,45.8,9.02,31.791702,-7.09262,Africa,111.07,1.6,446.55,246.0,0.99,98.12459999999999
Mozambique,40.0,MZ,63.5,37.52,258.0,Maputo,7.943,2.8,MZN,4.85,48.0,14934159926.0,112.6,7.3,54.0,Maputo,60.2,289.0,Portuguese,6.8,0.08,78.1,0.0,36.1,3.24,-18.665695,35.529562,Africa,182.31,0.27,799.38,11.0,0.65,123.6988
Myanmar,83.0,MM,19.5,17.55,95.0,Naypyidaw,25.28,8.8,MMK,2.15,43.6,76085852617.0,112.3,18.8,36.8,Yangon,66.9,250.0,Burmese,73.9,0.68,61.7,5.4,31.2,1.58,21.916221,95.955974,Asia,168.18,0.39,676.578,513.0,0.54,117.24560000000001
Namibia,3.0,Unknown,47.1,28.64,264.0,Windhoek,4.228,3.7,Unknown,3.4,8.3,12366527719.0,124.2,22.9,29.0,Windhoek,63.4,195.0,English,8.3,0.42,59.5,27.1,20.7,20.27,-22.95764,18.49041,Africa,157.97,0.8847034635234095,824.292,16.0,0.76,123.69879999999998
Nauru,541.0,NR,39.117553191489364,20.214973544973546,674.0,Yaren District,,6.722346368715083,AUD,2.6981382978723403,32.01542553191489,133000000.0,102.47021276595747,37.96338797814208,21.332804232804236,Unknown,72.27967914438503,160.39226519337018,English,32.637234042553196,1.8398404255319147,62.73806818181818,,40.822404371584696,6.886363636363637,-0.522778,166.931503,Oceania,135.4778987264924,3.3078456217443355,21.0,57.4,1.0479999999999998,10.084
Nepal,203.0,NP,28.7,19.89,977.0,Kathmandu,9.105,5.6,NPR,1.92,25.4,30641380604.0,142.1,12.4,26.7,Kathmandu,70.5,186.0,Nepali,60.4,0.75,83.8,20.7,41.8,1.41,28.394857,84.124008,Asia,188.73,0.36,147.181,112.0,0.91,393.6068
Netherlands,508.0,NL,53.3,9.7,31.0,Amsterdam,170.78,2.6,Unknown,1.59,11.2,909070395161.0,104.2,85.0,3.3,Amsterdam,81.8,5.0,Dutch,12.3,3.61,63.6,23.0,41.2,3.2,52.132633,5.291266,Europe,115.91,10.29,41.543,41.0,1.68,397.75419999999997
New Zealand,18.0,NZ,40.5,11.98,64.0,Wellington,34.382,1.6,NZD,1.71,38.6,206928765544.0,100.0,82.0,4.7,Auckland,81.9,9.0,English,12.6,3.59,69.9,29.0,34.6,4.07,-40.900557,174.885971,Oceania,114.24,11.49,268.838,9.0,1.4,396.2396
Nicaragua,55.0,NI,42.1,20.64,505.0,Managua,5.592,5.4,NIO,2.4,25.9,12520915291.0,120.6,17.4,15.7,Managua,74.3,98.0,Spanish,36.0,0.98,66.4,15.6,60.6,6.84,12.865416,-85.207229,Central America,162.74,0.54,130.37,12.0,0.91,393.6068
Niger,19.0,NE,36.1,46.08,227.0,Niamey,2.017,-2.5,XOF,6.91,0.9,12928145120.0,74.7,4.4,48.0,Niamey,62.0,509.0,French,52.3,0.04,72.0,11.8,47.2,0.47,17.607789,8.081666,Africa,109.32,0.29,279.632,10.0,0.88,82.783
Nigeria,226.0,NG,77.7,37.91,234.0,Abuja,120.369,11.4,NGN,5.39,7.2,448120428859.0,84.7,10.2,75.7,Lagos,54.3,917.0,English,72.2,0.38,52.9,1.5,34.8,8.1,9.081999,8.675277,Africa,267.51,0.54,923.768,215.0,0.46,123.6988
North Korea,214.0,KP,21.8,13.89,850.0,Pyongyang,28.284,6.722346368715083,KPW,1.9,40.7,32100000000.0,112.8,27.0,13.7,Pyongyang,72.1,89.0,Korean,32.637234042553196,3.67,80.4,,40.822404371584696,2.74,40.339852,127.510093,Asia,135.07437054701387,1.1979439078888228,120.538,316.4,0.58,353.328
North Macedonia,83.0,Unknown,39.117553191489364,20.214973544973546,389.0,Skopje,,6.722346368715083,MKD,2.6981382978723403,32.01542553191489,10220781069.0,102.47021276595747,37.96338797814208,21.332804232804236,Skopje,72.27967914438503,160.39226519337018,Macedonian,35.6,1.8398404255319147,62.73806818181818,,40.822404371584696,6.886363636363637,41.608635,21.745275,Europe,128.7506639502327,2.674283192832573,25.713,16.0,1.128,411.09319999999997
Norway,15.0,NO,2.7,10.4,47.0,Oslo,41.023,2.2,NOK,1.56,33.2,403336363636.0,100.3,82.0,2.1,Oslo,82.8,2.0,Norwegian,14.3,2.92,63.8,23.9,36.2,3.35,60.472024,8.468946,Europe,120.27,4.515974816407741,323.802,23.0,1.78,259.7774
Oman,16.0,OM,4.6,19.19,968.0,Muscat,63.457,0.1,OMR,2.89,0.0,76983094928.0,103.4,38.0,9.8,Seeb,77.6,19.0,Arabic,6.4,2.0,72.4,2.5,27.4,2.67,21.4735329,55.975413,Asia,113.53,4.33,309.5,47.0,0.45,259.7774
Pakistan,287.0,PK,47.8,28.25,92.0,Islamabad,201.15,10.6,PKR,3.51,1.9,304400000000.0,94.3,9.0,57.2,Karachi,67.1,140.0,Urdu,66.5,0.98,52.6,9.2,33.9,4.45,30.375321,69.345116,Asia,182.32,0.69,796.095,936.0,0.79,117.2456
Palau,39.0,PW,10.9,14.0,680.0,Ngerulmud,224.0,1.3,USD,2.21,87.6,283994900.0,112.6,54.7,16.6,Koror,69.1,160.39226519337018,English,21.8,1.18,62.73806818181818,21.3,76.6,6.886363636363637,7.51498,134.58252,Oceania,118.17,3.0,459.0,96.6,0.698,18.233
Palestinian National Authority,847.0,Unknown,39.117553191489364,20.214973544973546,360.54639175257734,Unknown,,6.722346368715083,Unknown,2.6981382978723403,32.01542553191489,477295901399.5389,102.47021276595747,37.96338797814208,21.332804232804236,Unknown,72.27967914438503,160.39226519337018,Arabic,32.637234042553196,1.8398404255319147,62.73806818181818,,40.822404371584696,6.886363636363637,31.952162,35.233154,Asia,144.2622382399528,2.2879256812746167,255.2126606060606,103.78313253012048,1.002457142857143,333.54271794871795
Panama,58.0,PA,30.4,18.98,507.0,Panama City,10.715,-0.4,Unknown,2.46,61.9,66800800000.0,94.4,47.8,13.1,Panama City,78.3,52.0,Spanish,30.5,1.57,66.6,,37.2,3.9,8.537981,-80.782127,Central America,122.07,1.53,75.42,26.0,0.74,497.24619999999993
Papua New Guinea,20.0,PG,2.6,27.07,675.0,Port Moresby,7.536,3.6,PGK,3.56,74.1,24969611435.0,108.5,1.8,38.0,Port Moresby,64.3,145.0,Tok Pisin,5.8,0.07,47.2,13.6,37.1,2.46,-6.314993,143.95555,Oceania,155.99,1.16,462.84,4.0,1.36,115.42859999999999
Paraguay,18.0,PY,55.1,20.57,595.0,Asunci��,7.407,2.8,PYG,2.43,37.7,38145288940.0,104.4,34.6,17.2,Ciudad del Este,74.1,129.0,Spanish,36.5,1.35,72.1,10.0,35.0,4.81,-23.442503,-58.443832,South America,143.82,1.55,406.752,27.0,1.04,120.09119999999999
Peru,26.0,PE,18.5,17.95,51.0,Lima,57.414,2.1,PEN,2.25,57.7,226848050820.0,106.9,70.7,11.1,Lima,76.5,88.0,Spanish,30.9,1.27,77.6,14.3,36.8,3.31,-9.189967,-75.015152,South America,129.78,1.28,139.6068,158.0,0.99,209.25620000000004
Philippines,368.0,PH,41.7,20.55,63.0,Manila,122.287,2.5,PHP,2.58,27.8,376795508680.0,107.5,35.5,22.5,Manila,71.1,121.0,English,53.5,0.6,59.6,14.0,43.1,2.15,12.879721,121.774017,Asia,129.61,1.12,300.0,153.0,0.86,165.34499999999997
Poland,124.0,PL,46.9,10.2,48.0,Warsaw,299.037,2.2,PLN,1.46,30.9,592164400688.0,100.0,67.8,3.8,Warsaw,77.6,2.0,Polish,23.2,2.38,56.7,17.4,40.8,3.47,51.919438,19.145136,Europe,114.11,2.93,312.685,191.0,1.07,68.461
Portugal,111.0,PT,39.5,8.5,351.0,Lisbon,48.742,0.3,EUR,1.38,34.6,237686075635.0,106.2,63.9,3.1,Lisbon,81.3,8.0,Portuguese,27.7,5.12,58.8,22.8,39.8,6.33,39.399872,-8.224454,Europe,110.62,3.78,92.212,52.0,1.54,415.49719999999996
Qatar,248.0,QA,5.8,9.54,974.0,Doha,103.259,-0.7,QAR,1.87,0.0,183466208791.0,103.8,17.9,5.8,Doha,80.1,9.0,Arabic,6.2,2.49,86.8,14.7,11.3,0.09,25.354826,51.183884,Asia,115.38,0.8052827477525599,11.586,22.0,0.4,427.4098
Romania,84.0,RO,58.8,9.6,40.0,Bucharest,69.259,3.8,RON,1.71,30.1,250077444017.0,85.2,49.4,6.1,Bucharest,75.4,19.0,Romanian,21.3,2.98,54.7,14.6,20.0,3.98,45.943161,24.96676,Europe,123.78,2.25,238.391,126.0,1.16,208.8804
Russia,9.0,RU,13.3,11.5,7.0,Moscow,,4.5,RUB,1.57,49.8,1699876578871.0,102.6,81.9,6.1,Moscow,72.7,17.0,Russian,36.4,4.01,61.8,11.4,46.2,4.59,61.52401,105.318756,Europe,180.75,0.53,456.1468,89.6,0.59,223.2306
Rwanda,525.0,RW,73.4,31.7,250.0,Kigali,1.115,3.4,RWF,4.04,19.7,10122472590.0,133.0,6.7,27.0,Kigali,68.7,248.0,Swahili,26.0,0.13,83.7,14.3,33.2,1.03,-1.940278,29.873888,Africa,151.09,2.6058709133856253,26.338,35.0,1.17,291.5324
Saint Kitts and Nevis,205.0,KN,23.1,12.6,1.0,Basseterre,238.0,-1.0,XCD,2.11,42.3,1050992593.0,108.7,86.7,9.8,Basseterre,71.3,160.39226519337018,English,56.6,2.52,62.73806818181818,18.5,49.7,6.886363636363637,17.357822,-62.782998,Central America,104.57,3.33,261.0,34.4,1.066,52.823
Saint Lucia,301.0,LC,17.4,12.0,1.0,Castries,414.0,1.9,XCD,1.44,33.2,2122450630.0,102.6,14.1,14.9,Castries,76.1,117.0,English,48.4,0.64,67.1,18.2,34.7,20.71,13.909444,-60.978893,Central America,110.13,2.7409550840711816,616.0,51.8,1.3,182.79
Saint Vincent and the Grenadines,284.0,VC,25.6,14.24,1.0,Kingstown,220.0,2.3,XCD,1.89,69.2,825385185.0,113.4,23.7,14.8,Calliaqua,72.4,68.0,English,21.4,0.66,65.9,25.4,37.0,18.88,12.984305,-61.287228,Central America,109.67,1.16,389.0,47.6,1.014,100.455
Samoa,70.0,WS,12.4,24.38,685.0,Apia,246.0,1.0,WST,3.88,60.4,850655017.0,110.5,7.6,13.6,Apia,73.2,43.0,Samoan,11.5,0.34,43.7,25.5,19.3,8.36,-13.759029,-172.104629,Oceania,117.56,0.78,2.831,84.2,0.91,202.506
San Marino,566.0,SM,16.7,6.8,378.0,City of San Marino,,1.0,EUR,1.26,0.0,1637931034.0,108.1,42.5,1.7,City of San Marino,85.4,160.39226519337018,Italian,18.3,6.11,62.73806818181818,18.1,36.2,6.886363636363637,43.94236,12.457777,Europe,110.63,3.5452503312724035,61.0,12.4,1.026,33.86
S�����������,228.0,ST,50.7,31.54,239.0,S����,121.0,7.9,STN,4.32,55.8,429016605.0,106.8,13.4,24.4,S����,70.2,130.0,Unknown,11.7,0.05,57.8,14.6,37.0,13.37,19.092351475257733,20.232434489175255,Unknown,185.09,0.46206446945521185,964.0,1.0,0.8560000000000001,215.056
Saudi Arabia,16.0,SA,80.8,17.8,966.0,Riyadh,563.449,-1.2,SAR,2.32,0.5,792966838162.0,99.8,68.0,6.0,Riyadh,75.0,17.0,Arabic,15.0,2.61,55.9,8.9,15.7,5.93,23.885942,45.079162,Asia,118.4,3.85,186.5454,252.0,0.24,123.48620000000001
Senegal,87.0,SN,46.1,34.52,221.0,Dakar,10.902,1.8,XOF,4.63,42.8,23578084052.0,81.0,12.8,31.8,Pikine,67.7,315.0,French,44.2,0.07,45.7,16.3,44.8,6.6,14.497401,-14.452362,Africa,109.25,0.31,196.722,19.0,1.14,258.7424
Serbia,100.0,RS,39.3,9.2,381.0,Belgrade,45.221,1.8,RSD,1.49,31.1,51409167351.0,100.3,67.2,4.8,Belgrade,75.5,12.0,Serbian,40.6,3.11,54.9,18.6,36.6,12.69,44.016521,21.005859,Europe,144.0,1.57,77.474,32.0,1.16,536.4188
Seychelles,214.0,SC,3.4,17.1,248.0,"Victoria, Seychelles",605.0,1.8,SCR,2.41,88.4,1698843063.0,100.4,17.1,12.4,"Victoria, Seychelles",72.8,53.0,French,2.5,0.95,62.73806818181818,34.1,30.1,6.886363636363637,-4.679574,55.491977,Africa,129.96,2.0,455.0,0.0,0.758,97.625
Sierra Leone,111.0,SL,54.7,33.41,232.0,Freetown,1.093,14.8,SLL,4.26,43.1,3941474311.0,112.8,2.0,78.5,Freetown,54.3,1120.0,English,38.2,0.03,57.9,8.6,30.7,4.43,8.460555,-11.779889,Africa,234.16,0.57,71.74,9.0,1.08,335.5584
Singapore,8.358,SG,0.9,8.8,65.0,Unknown,37.535,0.6,SGD,1.14,23.1,372062527489.0,100.6,84.8,2.3,Unknown,83.1,8.0,Malay,36.7,2.29,70.5,13.1,21.0,4.11,1.352083,103.819836,Asia,114.41,3.0382202902724575,716.0,81.0,1.25,117.24560000000001
Slovakia,114.0,SK,39.2,10.6,421.0,Bratislava,32.424,2.7,EUR,1.52,40.4,105422304976.0,98.7,46.6,4.6,Bratislava,77.2,5.0,Slovak,18.4,3.42,59.5,18.7,49.7,5.56,48.669026,19.699024,Europe,115.34,3.11,49.035,16.0,1.32,537.9465999999999
Slovenia,103.0,SI,30.7,9.4,386.0,Ljubljana,12.633,1.6,EUR,1.6,62.0,53742159517.0,100.4,78.6,1.7,Ljubljana,81.0,7.0,Slovene language,12.5,3.09,58.4,18.6,31.0,4.2,46.151241,14.995463,Europe,111.05,5.25,20.273,7.0,1.32,342.3876
Solomon Islands,25.0,SB,3.9,32.44,677.0,Honiara,169.0,1.6,SBD,4.4,77.9,1425074226.0,106.2,37.96338797814208,17.1,Honiara,72.8,104.0,English,3.3,0.19,83.8,29.5,32.0,0.58,-9.64571,160.156194,Oceania,133.06,0.4,28.896,97.2,1.066,669.823
Somalia,25.0,SO,70.3,41.75,252.0,Mogadishu,645.0,6.722346368715083,SOS,6.07,10.0,4720727278.0,23.4,2.5,76.6,Bosaso,57.1,829.0,Arabic,32.637234042553196,0.02,47.4,0.0,40.822404371584696,11.35,5.152149,46.199616,Africa,160.52611110281362,2.8144201923543837,637.657,20.0,1.41,113.148
South Africa,49.0,ZA,79.8,20.51,27.0,Pretoria,476.644,4.1,ZAR,2.41,7.6,351431649241.0,100.9,22.4,28.5,Johannesburg,63.9,119.0,Afrikaans,7.7,0.91,56.0,27.5,29.2,28.18,-30.559482,22.937506,Africa,158.93,1.8018381782369162,186.3076,80.0,0.92,176.5478
South Korea,527.0,KR,17.4,6.4,82.0,Seoul,620.302,0.4,KRW,0.98,63.4,2029000000000.0,98.1,94.3,2.7,Seoul,82.6,11.0,Korean,36.8,2.36,63.0,15.6,33.2,4.15,35.907757,127.766922,Asia,115.16,6.49,99.72,634.0,1.22,220.075
South Sudan,18.0,SS,39.117553191489364,35.01,211.0,Juba,1.727,187.9,SSP,4.7,32.01542553191489,11997800751.0,73.0,37.96338797814208,63.7,Juba,57.6,1150.0,English,61.3,1.8398404255319147,72.4,,31.4,12.24,6.8769919,31.3069788,Africa,169.02891245803056,-0.03046367635602154,644.329,185.0,0.28,109.1528
Spain,94.0,ES,52.6,7.9,34.0,Madrid,244.002,0.7,EUR,1.26,36.9,1394116310769.0,102.7,88.9,2.5,Madrid,83.3,4.0,Spanish,24.2,3.87,57.5,14.2,47.0,13.96,40.463667,-3.74922,Europe,110.96,5.6,505.37,196.0,1.26,98.1246
Sri Lanka,341.0,LK,43.7,15.83,94.0,Colombo,23.362,3.5,LKR,2.2,32.9,84008783756.0,100.2,19.6,6.4,Colombo,76.8,36.0,Tamil,38.4,1.0,53.9,11.9,55.2,4.2,7.873054,80.771797,Asia,155.53,0.35,65.61,317.0,0.88,249.00699999999998
Sudan,25.0,SD,28.7,32.18,249.0,Khartoum,20.0,51.0,SDG,4.41,8.1,18902284476.0,76.8,16.9,42.1,Omdurman,65.1,295.0,Arabic,63.2,0.26,48.4,8.0,45.4,16.53,12.862807,30.217636,Africa,146.055338733868,0.41,199.7924,124.0,0.95,403.6016
Suriname,4.0,SR,0.6,18.54,597.0,Paramaribo,1.738,22.0,SRD,2.42,98.3,3985250737.0,108.8,12.6,16.9,Paramaribo,71.6,120.0,Dutch,10.1,1.21,51.1,19.5,27.9,7.33,3.919305,-56.027783,South America,294.66,1.2635119791109268,163.82,2.0,1.29,581.372
Sweden,25.0,SE,7.4,11.4,46.0,Stockholm,43.252,1.8,SEK,1.76,68.9,530832908738.0,126.6,67.0,2.2,S�����,82.5,4.0,Swedish,15.2,3.98,64.6,27.9,49.1,6.48,60.128161,18.643501,Europe,110.51,3.5601845153599965,450.295,30.0,1.42,115.4286
Switzerland,219.0,CH,38.4,10.0,41.0,Bern,34.477,0.4,CHF,1.52,31.8,703082435360.0,105.2,59.6,3.7,Z���,83.6,5.0,German,28.3,4.3,68.3,10.1,28.8,4.58,46.818188,8.227512,Europe,99.55,3.9631442435993387,41.277,21.0,1.45,406.3112
Syria,95.0,SY,75.8,23.69,963.0,Damascus,28.83,36.7,SYP,2.81,2.7,40405006007.0,81.7,40.1,14.0,Damascus,71.8,31.0,Arabic,53.7,1.22,44.1,14.2,42.7,8.37,34.802075,38.996815,Asia,143.2,1.02,185.18,239.0,0.83,223.86759999999998
Tajikistan,68.0,TJ,34.1,30.76,992.0,Dushanbe,5.31,6.0,TJS,3.59,3.0,8116626794.0,100.9,31.3,30.4,Dushanbe,70.9,17.0,Persian,63.1,1.7,42.0,9.8,67.3,11.02,38.861034,71.276093,Asia,148.57,0.23,144.1,17.0,0.71,393.60679999999996
Tanzania,67.0,TZ,44.8,36.7,255.0,Dodoma,11.973,3.5,TZS,4.89,51.6,63177068175.0,94.2,4.0,37.6,Dar es Salaam,65.0,524.0,Swahili,26.1,0.01,83.4,11.5,43.8,1.98,-6.369028,34.888822,Africa,187.43,0.09,947.3,28.0,0.87,123.6988
Thailand,137.0,TH,43.3,10.34,66.0,Bangkok,283.763,0.7,THB,1.53,32.2,543649976166.0,99.8,49.3,7.8,Bangkok,76.9,37.0,Thai,11.8,0.81,67.3,14.9,29.5,0.75,15.870032,100.992541,Asia,113.27,1.06,513.12,455.0,0.71,98.12459999999999
East Timor,89.0,TL,25.6,29.42,670.0,Dili,495.0,2.6,USD,4.02,45.4,1673540300.0,115.3,17.8,39.3,Dili,69.3,142.0,Portuguese,10.2,0.72,67.3,25.0,17.3,4.55,-8.874217,125.727539,Asia,145.38,0.6,14.874,2.0,1.1,468.2662
Togo,152.0,TG,70.2,33.11,228.0,Lom�,3.0,0.7,XOF,4.32,3.1,5459979417.0,123.8,14.5,47.4,Lom�,60.8,396.0,French,51.0,0.08,77.6,16.9,48.2,2.04,8.619543,0.824782,Africa,113.3,0.34,56.785,10.0,0.71,581.9725999999999
Tonga,147.0,TO,45.8,24.3,676.0,Nuku����,128.0,7.4,TOP,3.56,12.5,450353314.0,116.3,6.4,13.4,Nuku����,70.8,52.0,Tongan Language,10.2,0.52,59.8,22.3,27.5,1.12,-21.178986,-175.198242,Oceania,121.09,1.8190617831389315,747.0,83.4,0.724,100.209
Trinidad and Tobago,273.0,TT,10.5,12.94,1.0,Port of Spain,43.868,1.0,TTD,1.73,46.0,24100202834.0,106.2,12.0,16.4,Chaguanas,73.4,67.0,English,37.3,4.17,60.0,19.5,40.5,2.69,10.691803,-61.222503,South America,141.75,2.25,5.128,4.0,0.54,670.9988000000001
Tunisia,76.0,TN,64.8,17.56,216.0,Tunis,29.937,6.7,TND,2.2,6.8,38797709924.0,115.4,31.7,14.6,Tunis,76.5,43.0,Arabic,39.8,1.3,46.1,21.1,60.7,16.02,33.886917,9.537499,Africa,155.33,0.47,163.61,48.0,0.73,393.6068
Turkey,110.0,TR,49.8,16.03,90.0,Ankara,372.725,15.2,TRY,2.07,15.4,754411708203.0,93.2,23.9,9.1,Istanbul,77.4,17.0,Turkish,16.9,1.85,52.8,17.9,42.3,13.49,38.963745,35.243322,Europe,234.44,3.45,783.562,512.0,1.42,117.2456
Turkmenistan,13.0,TM,72.0,23.83,993.0,Ashgabat,70.63,6.722346368715083,TMT,2.79,8.8,40761142857.0,88.4,8.0,39.3,Ashgabat,68.1,7.0,Turkmen,71.1,2.22,64.5,,40.822404371584696,3.91,38.969719,59.556278,Asia,153.6130142627369,0.88,488.1,42.0,0.29,115.4286
Tuvalu,393.0,TV,60.0,20.214973544973546,688.0,Funafuti,11.0,6.722346368715083,AUD,2.6981382978723403,33.3,47271463.0,86.0,37.96338797814208,20.6,Singapore,72.27967914438503,160.39226519337018,Tuvaluan Language,0.7,0.92,62.73806818181818,,40.822404371584696,6.886363636363637,-7.109535,177.64933,Oceania,134.97655134261905,3.2319697601972734,26.0,24.8,1.064,11.646
Uganda,229.0,UG,71.9,38.14,256.0,Kampala,5.68,2.9,UGX,4.96,9.7,34387229486.0,102.7,4.8,33.8,Buganda,63.0,375.0,Swahili,40.5,0.17,70.3,11.7,33.7,1.84,1.373333,32.290275,Africa,173.87,0.01,241.038,46.0,0.94,385.5972
Ukraine,75.0,UA,71.7,8.7,380.0,Kyiv,202.25,7.9,UAH,1.3,16.7,153781069118.0,99.0,82.7,7.5,Kyiv,71.6,19.0,Ukrainian,47.8,2.99,54.2,20.1,45.2,8.88,48.379433,31.16558,Europe,281.66,0.84,603.55,297.0,0.83,92.7576
United Arab Emirates,118.0,AE,5.5,10.33,971.0,Abu Dhabi,206.324,-1.9,AED,1.41,4.6,421142267938.0,108.4,36.8,6.5,Dubai,77.8,3.0,Arabic,17.8,2.53,82.1,0.1,15.9,2.35,23.424076,53.847818,Asia,114.52,1.152301457641713,83.6,63.0,0.49,467.68760000000003
United Kingdom,281.0,GB,71.7,11.0,44.0,London,379.025,1.7,GBP,1.68,13.1,2827113184696.0,101.2,60.0,3.6,London,81.3,7.0,English,14.8,2.81,62.8,25.5,30.6,3.85,55.378051,-3.435973,Europe,119.62,10.13,243.61,148.0,1.46,208.8804
United States,36.0,US,44.4,11.6,1.0,"Washington, D.C.",,7.5,USD,1.73,33.9,21427700000000.0,101.8,88.2,5.6,New York City,78.5,19.0,Unknown,11.1,2.61,62.0,9.6,36.6,14.7,37.09024,-95.712891,North America,117.24,7.25,450.279,89.4,0.71,396.1712
Uruguay,20.0,UY,82.6,13.86,598.0,Montevideo,6.766,7.9,UYU,1.97,10.7,56045912952.0,108.5,63.1,6.4,Montevideo,77.8,17.0,Spanish,16.2,5.05,64.0,20.1,41.8,8.73,-32.522779,-55.765835,South America,202.92,1.66,176.215,22.0,1.5,364.4522
Uzbekistan,79.0,UZ,62.9,23.3,998.0,Tashkent,91.811,6.722346368715083,UZS,2.42,7.5,57921286440.0,104.2,10.1,19.1,Tashkent,71.6,29.0,Uzbek,42.7,2.37,65.1,14.8,31.6,5.92,41.377491,64.585262,Asia,152.67797520101965,0.24,447.4,68.0,1.03,115.4286
Vanuatu,25.0,VU,15.3,29.6,678.0,Port Vila,147.0,2.8,VUV,3.78,36.1,917058851.0,109.3,4.7,22.3,Port Vila,70.3,72.0,French,8.9,0.17,69.9,17.8,8.5,4.39,-15.376706,166.959158,Oceania,117.13,1.56,12.189,88.6,1.31,299.882
Venezuela,32.0,VE,24.5,17.88,58.0,Caracas,164.175,254.9,VED,2.27,52.7,482359318768.0,97.2,79.3,21.4,Caracas,72.1,125.0,Spanish,45.8,1.92,59.7,,73.3,8.8,6.42375,-66.58973,South America,191.14655195966316,0.01,912.05,343.0,0.0,117.24560000000001
Vietnam,314.0,VN,39.3,16.75,84.0,Hanoi,192.668,2.8,VND,2.05,48.1,261921244843.0,110.6,28.5,16.5,Ho Chi Minh City,75.3,43.0,Vietnamese,43.5,0.82,77.4,19.1,37.6,2.01,14.058324,108.277199,Asia,163.52,0.73,331.21,522.0,0.8,72.1312
Yemen,56.0,YE,44.6,30.45,967.0,Sanaa,10.609,8.1,YER,3.79,1.0,26914402224.0,93.6,10.2,42.9,Sanaa,66.1,164.0,Arabic,81.0,0.31,38.0,,26.6,12.91,15.552727,48.516388,Asia,157.58,1.5692700009561755,527.968,40.0,0.92,115.42859999999999
Zambia,25.0,ZM,32.1,36.19,260.0,Lusaka,5.141,9.2,ZMW,4.63,65.2,23064722446.0,98.7,4.1,40.4,Lusaka,63.5,213.0,English,27.5,1.19,74.6,16.2,15.6,11.43,-13.133897,27.849332,Africa,212.31,0.24,752.618,16.0,1.4,117.2456
Zimbabwe,38.0,ZW,41.9,30.68,263.0,Harare,10.983,0.9,Unknown,3.62,35.5,21440758800.0,109.9,10.0,33.9,Harare,61.2,458.0,Shona,25.8,0.21,83.1,20.7,31.6,4.95,-19.015438,29.154857,Africa,105.51,3.4832159930267994,390.757,51.0,1.34,219.8508
